"Segment","Page","URL Path","Sessions","Avg Scroll Depth","Monthly Active Users","# of Dead Clicks","Rage Clicks by Page"
"Everyone","Teacher Guides Pages","-","29,824","51%","-","1,453","31"
"Everyone","Lesson Plan Details","-","24,153","50%","2,695","2,406","14"
"Everyone","External Resources","-","19,996","65%","5,355","1,398","20"
"Everyone","News Article Pages","-","13,014","62%","10,128","5,574","38"
"Everyone","News Homepage","-","8,002","66%","6,471","478","46"
"Everyone","Homepage","-","7,518","41%","-","193","71"
"Everyone","Lesson Plans Homepage","-","6,665","70%","-","328","8"
"Everyone","Not defined","-","3,387","64%","359","563","21"
"Everyone","Lesson Plan Units","-","2,567","65%","-","93","3"
"Everyone","Search","-","1,194","66%","-","60","3"
"Everyone","Login","-","962","56%","-","28","5"
"Everyone","Teacher Guides Index","-","686","53%","-","11","-"
"Everyone","Professional Dev","-","641","57%","-","19","2"
"Everyone","About Us","-","552","56%","-","19","2"
"Everyone","Newsletter","-","452","61%","376","68","-"
"Everyone","Meet Team","-","449","77%","-","14","-"
"Everyone","Donate","-","441","52%","-","6","6"
"Everyone","Lesson Plans","-","439","70%","-","16","-"
"Everyone","Account","-","333","66%","-","29","1"
"Everyone","Partners","-","236","37%","-","6","-"
"Everyone","Careers","-","157","71%","-","2","-"
"Everyone","My Library","-","119","39%","-","3","-"
"Everyone","Teacher Guides Pages","/teacher-guides/earth-day-2026","3,971","52%","-","168","4"
"Everyone","Teacher Guides Pages","/teacher-guides/10-climate-change-games-for-the-classroom","2,881","42%","-","339","9"
"Everyone","Teacher Guides Pages","/teacher-guides/10-climate-change-lab-activities","2,743","33%","-","130","2"
"Everyone","Teacher Guides Pages","/teacher-guides/2024-earth-day-activity-guide-for-6-8","1,363","65%","-","48","2"
"Everyone","Teacher Guides Pages","/teacher-guides/7-climate-change-hands-on-activities-to-keep-kids-engaged","1,293","40%","-","64","2"
"Everyone","Teacher Guides Pages","/teacher-guides/writing-activities-for-earth-day","821","39%","-","24","1"
"Everyone","Teacher Guides Pages","/teacher-guides/free-ela-lesson-plans-for-teachers-3-5","808","54%","-","31","-"
"Everyone","Teacher Guides Pages","/teacher-guides/free-ela-lesson-plans","724","55%","-","6","1"
"Everyone","Teacher Guides Pages","/teacher-guides/2024-earth-day-activity-guide-for-3-5","713","54%","-","16","-"
"Everyone","Teacher Guides Pages","/teacher-guides/free-ela-lesson-plans-for-teachers-9-12","684","59%","-","12","-"
"Everyone","Teacher Guides Pages","/teacher-guides/free-ela-lesson-plans-for-teachers-6-8","641","67%","-","14","-"
"Everyone","Teacher Guides Pages","/teacher-guides/human-impacts-on-the-environment-lesson-plans","639","40%","-","16","-"
"Everyone","Teacher Guides Pages","/teacher-guides/2025-middle-school-earth-day-activities-&-worksheets","593","71%","-","18","-"
"Everyone","Teacher Guides Pages","/teacher-guides/climate-change-debate-topics","580","57%","-","20","-"
"Everyone","Teacher Guides Pages","/teacher-guides/2024-earth-day-activity-guide-for-9-12","570","65%","-","16","-"
"Everyone","Teacher Guides Pages","/teacher-guides/2025-earth-day-activities-&-worksheets-for-k-2","553","65%","-","10","-"
"Everyone","Teacher Guides Pages","/teacher-guides/free-ela-lesson-pans-for-teachers-k-2","482","65%","-","26","1"
"Everyone","Teacher Guides Pages","/teacher-guides/girls-in-stem","482","51%","-","25","1"
"Everyone","Teacher Guides Pages","/teacher-guides/mental-health-teacher-guide","447","34%","-","6","-"
"Everyone","Teacher Guides Pages","/teacher-guides/2025-earth-day-activities-&-worksheets","409","53%","-","4","-"
"Everyone","Lesson Plan Details","/lesson-plans/earth-day-activity-pages-for-grades-6-12","1,341","57%","-","114","1"
"Everyone","Lesson Plan Details","/lesson-plans/earth-month-2026-calendar","1,284","50%","-","60","2"
"Everyone","Lesson Plan Details","/lesson-plans/earth-day-activity-book-for-grades-k-2","1,276","51%","-","68","-"
"Everyone","Lesson Plan Details","/lesson-plans/elementary-earth-day-activities","1,253","58%","-","108","-"
"Everyone","Lesson Plan Details","/lesson-plans/earth-day-activity-book-3-5","1,187","53%","-","79","-"
"Everyone","Lesson Plan Details","/lesson-plans/earth-day-activities-for-middle-school","997","56%","-","51","-"
"Everyone","Lesson Plan Details","/lesson-plans/earth-day-activities-for-grades-k-2","907","54%","-","61","-"
"Everyone","Lesson Plan Details","/lesson-plans/earth-day-activities-for-grades-3-5","785","52%","-","57","-"
"Everyone","Lesson Plan Details","/lesson-plans/recycle-sorting-game","734","44%","-","39","-"
"Everyone","Lesson Plan Details","/lesson-plans/earth-day-activities-for-high-school","627","56%","-","54","1"
"Everyone","Lesson Plan Details","/lesson-plans/recycling-lesson","618","51%","133","661","1"
"Everyone","Lesson Plan Details","/lesson-plans/solutions-for-climate-change-game","580","44%","-","82","2"
"Everyone","Lesson Plan Details","/lesson-plans/economics-and-greenwashing-interactive-game","405","50%","-","45","-"
"Everyone","Lesson Plan Details","/lesson-plans/earth-month-2025-calendar","400","55%","-","32","-"
"Everyone","Lesson Plan Details","/lesson-plans/fast-fashion-lesson-plan-whats-your-footprint","392","48%","55","13","-"
"Everyone","Lesson Plan Details","/lesson-plans/tree-equity-interactive-game","390","44%","-","44","-"
"Everyone","Lesson Plan Details","/lesson-plans/weather-lesson-for-elementary","299","50%","60","11","-"
"Everyone","Lesson Plan Details","/lesson-plans/great-garbage-patch-pollution-lesson","291","49%","61","30","-"
"Everyone","Lesson Plan Details","/lesson-plans/sustainable-development-goals-curriculum-guide","239","48%","-","14","-"
"Everyone","Lesson Plan Details","/lesson-plans/sun-lesson-for-kids","229","44%","50","18","-"
"Everyone","External Resources","/external-resources","1,923","67%","-","86","4"
"Everyone","External Resources","/external-resources/climate-change-inquiry-lab","493","62%","209","18","-"
"Everyone","External Resources","/external-resources/ocean-acidification-in-a-cup","460","66%","183","57","2"
"Everyone","External Resources","/external-resources/footprint-calculator","370","55%","182","13","-"
"Everyone","External Resources","/external-resources/carbon-runner","351","58%","185","27","-"
"Everyone","External Resources","/external-resources/is-ice-ice-baby","299","60%","110","35","-"
"Everyone","External Resources","/external-resources/animal-and-habitat-worksheets","281","44%","42","6","-"
"Everyone","External Resources","/external-resources/amazing-albedo","272","56%","107","15","-"
"Everyone","External Resources","/external-resources/lakeland","248","55%","154","38","1"
"Everyone","External Resources","/external-resources/climate-change-in-your-own-backyard","236","56%","74","12","-"
"Everyone","External Resources","/external-resources/snack-sized-science-plant-your-paper","233","56%","58","5","-"
"Everyone","External Resources","/external-resources/carbon-cycle-game","220","61%","104","7","-"
"Everyone","External Resources","/external-resources/the-climate-game","193","59%","111","19","-"
"Everyone","External Resources","/external-resources/renewable-energy-101","180","70%","52","13","1"
"Everyone","External Resources","/external-resources/wind-simulator-game","178","61%","65","12","-"
"Everyone","External Resources","/external-resources/uptake-of-carbon-dioxide-from-water-by-plants","171","52%","63","8","-"
"Everyone","External Resources","/external-resources/earth-day-1970-2022-whats-changed","163","62%","95","4","-"
"Everyone","External Resources","/external-resources/water-cycle-game","155","64%","65","10","-"
"Everyone","External Resources","/external-resources/airplanes-and-climate-change","153","54%","78","6","-"
"Everyone","External Resources","/external-resources/plastics-human-health-quiz","153","54%","85","13","-"